mean_loss,epsilon
0.0227582565697,0.9998749
0.0403980038262,0.9997237
0.0437057329003,0.9995014
